id,email,password,username
1,aofield0@cnn.com,uX5)aN/mS,smarchington0
2,asodeau1@sfgate.com,gC1&7Xa<b,asaunter1
3,bdudhill2@chron.com,aF6&<7gKC*2,mavey2
4,syannoni3@rakuten.co.jp,zG5.!2&VF6K)r0M,mbacksal3
5,ehallede4@google.cn,"kC7/2(NK.L""",ccrus4
6,mmathiot5@comsenz.com,zB7}g9C68Sk,dtroughton5
7,kesome6@jigsy.com,tU7`IBXA%Zp>H{8,abeazey6
8,tchiplin7@guardian.co.uk,zK1=!9*Z=X,tgecke7
9,jswaffer8@delicious.com,fK2#5hb!K\H,bwestpfel8
10,mdhennin9@ibm.com,yF1}mMk'zj,rchurchill9
11,frappera@angelfire.com,dB6/p7y43B~(D`@,enewbatta
12,wtibaldb@whitehouse.gov,yL5(#)zj\~,bdeangelisb
13,kchristonc@photobucket.com,nA9{bIz_(SKBPMoi,sbracherc
14,fhaddingtond@msn.com,zB8_A7vwn6|>P(\,asodend
15,ktunee@mashable.com,qL6\_4\F$2|W,mudalee
16,bgrenfellf@wired.com,"bG1,f!NxRGv2cD",kgullandf
17,jmaseresg@kickstarter.com,vI3~0w`'fuV,eseabrookg
18,aspauleh@wikispaces.com,lW5(Xv|tTHRt,fdarreeh
19,tmcveyi@chronoengine.com,xR5)wxyevVeiA,pwalbruni
20,kgelsthorpej@ucoz.ru,"rH4,vOko""RQ_/>",lblabyj
21,hkildahlk@reference.com,"gK7""uufs1b",asolowayk
22,nmoorrudl@mac.com,pJ9~a2yC,aharveyl
23,idaveridgem@wsj.com,"eD5""?QgRxf",tmckeonm
24,tbasekn@bizjournals.com,nN4$ZtNKmm~6,mwarretn
25,sivieo@parallels.com,fN4(nFdd,swoolcockso
26,msantusp@bing.com,cN8%H9gRuKiP/,rfouldp
27,mdungayq@livejournal.com,qY4}IKl#|#F,norrinq
28,xbletsoer@constantcontact.com,fB1_WV&<%,msavinr
29,jshelbornes@barnesandnoble.com,uA7>BzLdSI&eB3gs,kmoyseys
30,eahearnet@businesswire.com,cX5|}VeQB9>,ccromleholmet
31,rstoaksu@naver.com,yJ4}_J!IY915dp,dpembertonu
32,jsproatv@google.cn,"sY0#FV?+I},",cwedlakev
33,osibsonw@cnn.com,sN7~=gzCb$,lgallagherw
34,smacteggartx@nsw.gov.au,"oX4)oGd,i",echarrissonx
35,ymenerey@dailymotion.com,jB7>\dTA,dfarrahy
36,cdoulz@toplist.cz,"xQ7(PY6,rq9QY",eharlickz
37,nimms10@washingtonpost.com,zU8!5wkCyJ?+F1Y,atimoney10
38,bmitro11@loc.gov,"nE3)@*xPdbL""&`_",fwordsworth11
39,fmoggie12@taobao.com,"zW6_h,+2,uZyl$%R",pgiotto12
40,ctasker13@sphinn.com,"pK3?cU,k",kagglione13
41,dfullick14@spotify.com,"pB2+==i?,",ngarment14
42,nsuckling15@disqus.com,"aS8""on*M1OFb",ewileman15
43,sjacobson16@amazon.co.uk,yN0@*d1U/hR,bknevit16
44,cdefont17@nbcnews.com,"pF7%""BR#Q7kvf}U1",hbaron17
45,jgrinyakin18@imgur.com,vY4'VUQ|n?G|=7f,bmaxfield18
46,mferrier19@facebook.com,lZ4&Rjad5),mmettericke19
47,jdufty1a@edublogs.org,cS3+$)oB.95!$Sq,byates1a
48,wphelps1b@bizjournals.com,nF6=s!I615P)08,kfarnell1b
49,labatelli1c@tripod.com,dK0$xovDH|2,eshakespeare1c
50,mskoof1d@state.tx.us,kD0(~.5?~bcLZ/,mraynes1d
51,cgianolo1e@netscape.com,lU3}2VJs>zDE,qhannaway1e
52,erydings1f@yellowpages.com,hD5+6dNxo<l#=zj,ihoult1f
53,cpedron1g@ameblo.jp,uF4``=M)VP*9ue,hstoggell1g
54,emcgill1h@hp.com,"bC7?c1K""prSLAaH",agodbolt1h
55,dtracy1i@mail.ru,zN2(V=k(+0='FODR,eheathcote1i
56,cedsall1j@si.edu,"dP0+`OWX""cJ",jspracklin1j
57,karnecke1k@jimdo.com,uA0)~i<\w6*MHAA,sprichet1k
58,santon1l@google.ca,sM0)l#00NR,boslar1l
59,dyoxall1m@github.com,gZ7/!|_C/*p`,sloddy1m
60,edrexel1n@nationalgeographic.com,"xW6@z}g,G*wP3S69",alaws1n
61,dwhitlaw1o@blog.com,oS1.cE`Ly,sfeaveryear1o
62,rschole1p@bbc.co.uk,"rB9<DCfa*\0R&""",fantoni1p
63,amonument1q@yandex.ru,uW0!R.+?J1{~3'7,sweldon1q
64,taddionisio1r@bigcartel.com,"iJ7,pNjf",hzimmermanns1r
65,vwem1s@bluehost.com,zZ4\{\Q0Kr)D.'5T,jstut1s
66,vusmar1t@cyberchimps.com,nQ2<A'4FC\5,dcrother1t
67,aedwicker1u@icq.com,aA6{vgz.i{1C,mcoolbear1u
68,pstuckford1v@samsung.com,jF9@.5(aZ,chaddacks1v
69,mboutcher1w@tumblr.com,kN2<Mni1}>CcYwBN,tduffett1w
70,bkummerlowe1x@dot.gov,xO9@&V<xb*,lwilcocke1x
71,oaphale1y@cpanel.net,gJ5|b96@Jcu{b,csinnott1y
72,dbartolomeu1z@umn.edu,vU2+a5>.,jabramzon1z
73,jcicchelli20@scientificamerican.com,wT9=%seRZFi,mstembridge20
74,kdibartolomeo21@twitpic.com,vV0)(JMM/W@D=_,klundbech21
75,rdakin22@thetimes.co.uk,eD5<=UEbq3cB3,ctoll22
76,rfebry23@eventbrite.com,yZ5%44u~O,anolda23
77,msemour24@gnu.org,"uC7?z,%,Dn""'gL/O",lbonafacino24
78,jjameson25@wiley.com,rN4<k5C\Rh/k`r,amendoza25
79,ttarpey26@deliciousdays.com,vN2>h}SB*,sdaniele26
80,slakeman27@4shared.com,wE0'DCrD_LEL?sum,kcellier27
81,ccarren28@edublogs.org,cO4/I!*hciE'qG/Q,dbarczewski28
82,geaster29@cnet.com,yW5*T88tBx,sfernandes29
83,cbullas2a@icio.us,rN2)fe`5L?*E,tbecom2a
84,smarrable2b@loc.gov,hT2&)FLaH!zK1D|,vferronet2b
85,cdowner2c@ted.com,eU8~7oMTC,mgameson2c
86,moduane2d@dot.gov,gN8_pPdf6(Ur},ckeiley2d
87,thendrix2e@cargocollective.com,"qK0{>,Ub6/M",ebletsoe2e
88,pscrowton2f@twitter.com,"uR9{P,riH}`+q3",vrummins2f
89,cwythill2g@hhs.gov,eV0<MDZC&vn,khorbath2g
90,cwalczynski2h@a8.net,dB0?0bDw3jQ,blosemann2h
91,gdarko2i@discovery.com,xC8?w)ayf=,dklauer2i
92,mlimon2j@biglobe.ne.jp,aP4'oT2@G`&tjG?x,fjoyes2j
93,dmence2k@technorati.com,lJ0{|Gu\6,glincoln2k
94,ekorn2l@multiply.com,wI9'JwO1n,usmithin2l
95,rmchirrie2m@blinklist.com,sQ3#?Au`%3L&u9,fgriffithe2m
96,molennikov2n@usatoday.com,cD1.fQWV6,tmallall2n
97,mkitchaside2o@studiopress.com,kA2~(UQ%},emcmurraya2o
98,mbache2p@ca.gov,fR8#K@YjU%|,ecloutt2p
99,gkilmurry2q@mac.com,sB4?(HHJv_g,reveque2q
100,rgoolding2r@sfgate.com,sO4#KuW<,bmarcam2r
101,rsalzberg2s@mac.com,sV6&q_V$z4,mreignard2s
102,rmennell2t@fda.gov,kC0'%hrP,fsegeswoeth2t
103,vgerrans2u@is.gd,hQ8_Gdz9Zw,smccarry2u
104,ltreneer2v@upenn.edu,hI2*.`Aa)2<Nv>,amadgwick2v
105,amadgett2w@spotify.com,bR4`w8zc6Z,tjamison2w
106,nabbot2x@shop-pro.jp,vA9#IXTA|)7,fcowerd2x
107,fgoldby2y@indiegogo.com,bT7*vjixo.}PG,fcogle2y
108,djanicijevic2z@blog.com,oY9)RTT@!ABA,tiddons2z
109,mcastree30@miibeian.gov.cn,kB9*}*6r$H&yV,rmanderson30
110,vlynett31@shop-pro.jp,"fD9\Lg5""krU`,m",gskeat31
111,dformie32@mac.com,"eG5_R8,,IFv",charniman32
112,vmagog33@comcast.net,"cQ8)ymg(o/""af+(L",kcristou33
113,jcroan34@theguardian.com,lK9!oI~b1,cmcculley34
114,scossans35@digg.com,aB1/Nc*X{jk{D\,ahayer35
115,hfossord36@nasa.gov,iW9)eC3M.f0@KE'p,jlongwood36
116,lcapp37@oracle.com,vB4(eQ*yYK,bplows37
117,fheavy38@naver.com,lV5$YBh?q=T,htrimmell38
118,amanion39@dropbox.com,nS1\'/=h/{=dP3~J,ereeveley39
119,mruppert3a@economist.com,cC6$s}8.2,oduthie3a
120,nlofty3b@samsung.com,lJ7=5@z103C%,aforsdike3b
121,gantoniat3c@lulu.com,"gI6=S""|C""_",tlenney3c
122,smaccarroll3d@unc.edu,zV5>3~HnrA,cbellringer3d
123,smckeeman3e@plala.or.jp,"oR4{d\A6J""N5YD,",mentreis3e
124,cwestphalen3f@hao123.com,gZ1$!4_Uf6ge4,wmccowan3f
125,mwhitehorn3g@indiegogo.com,jM8+f%6|Yi,kpinner3g
126,kpetrovsky3h@unesco.org,"dB2,xw5lN",grooze3h
127,kvanlint3i@elegantthemes.com,aH1_t228@w,adunrige3i
128,hrotte3j@dmoz.org,hY6+iPr4E%Yhea(,gorton3j
129,rivanets3k@ucla.edu,cY3<6jBiu.X2{y,lfragino3k
130,rcharrisson3l@nbcnews.com,iN8*TQs!pBBRXT,ccassie3l
131,rgillise3m@hc360.com,"wN0*xf""5CI3C",aollerenshaw3m
132,zjanko3n@reverbnation.com,mP3>&Riu,aeccleston3n
133,tevins3o@ustream.tv,pB1@$SrvA8.`?QSh,dlunam3o
134,psheasby3p@noaa.gov,xQ9{kL0FSiBg$P,bkun3p
135,mdesmond3q@chron.com,"eU1&Bt&R@4Q""a|{(",mpuzey3q
136,lsmalcombe3r@wisc.edu,lM5/iTNBf=EaMj,kbarnicott3r
137,hdaughton3s@intel.com,wB6/!u6kt>Eac,kcorbridge3s
138,ahazeldene3t@shareasale.com,fN1/SQSjYW<_,sperrott3t
139,ndomino3u@infoseek.co.jp,"nP0""""84BR|rnXXt",pkaroly3u
140,mslobom3v@bandcamp.com,gL7!UQ<MwP!U,cmccray3v
141,atwelftree3w@yandex.ru,"vQ1)C6>8F""<Lk_M",fkondrat3w
142,awalhedd3x@soup.io,"xP7""Jm5D6T>a,",eswindin3x
143,oplayden3y@noaa.gov,iT6`E@?|C,tyitzovitz3y
144,smilley3z@cbc.ca,nG1/L31P8J9/,showsden3z
145,rohlsen40@addthis.com,"oG2,1JT6}uQ?{IU",acurnnokk40
146,bgarbott41@godaddy.com,xU2+LBlaF{,rmockes41
147,ghumpage42@nba.com,iK2)ytt$,cscopham42
148,hruffell43@w3.org,"pS1/N<3sy,<WdXi",cteacy43
149,eclose44@xinhuanet.com,wO1<z@4E,chanhart44
150,evedikhov45@jiathis.com,vO4=N~b2,aretallack45
151,jbroun46@woothemes.com,qL7)Y3dotwYRv.l,vcorner46
152,dfawltey47@mediafire.com,"dH3=,.mL",leagleston47
153,gsinderson48@php.net,"rH8>KUR5""t",zletham48
154,fdecastelain49@tinyurl.com,eX7&bQ|Dh3CV,kpea49
155,rkeep4a@jiathis.com,"nI5,cg_+m/B/j|",rmckinn4a
156,sschruyer4b@ca.gov,eM0~Z=%P5UK+CCV.,bkeetley4b
157,stalman4c@mac.com,oC9*s}T{)(R0GVO,fmarmon4c
158,dings4d@dedecms.com,cC9_ekX}YY9RE5,ttwydell4d
159,hchimes4e@oracle.com,"tI3<,O~zW.j98a",cjoutapavicius4e
160,fmelton4f@jalbum.net,gA7{'&I_6.i,jaldwinckle4f
161,gcicetti4g@symantec.com,wG8&4<ovMcu/G==$,vmate4g
162,bstephen4h@livejournal.com,"xM4#=mZ""H",abillsberry4h
163,vmeddemmen4i@pagesperso-orange.fr,iF4!aL)<t,dsturman4i
164,mlibreros4j@google.com.au,kR3|auv>%*\T3O@,lharkins4j
165,clorant4k@jiathis.com,qX9.m6|lO|)pehT',askynner4k
166,ocastagnet4l@trellian.com,uD5.PX($YWNw/R,hmertin4l
167,bricht4m@smh.com.au,zK8@66|!{TpYR,nshearer4m
168,tsalvador4n@aol.com,wP7'b~6r,hdyhouse4n
169,sheaslip4o@squidoo.com,eX6`Ecp8Z,pcoger4o
170,vburroughes4p@etsy.com,fZ2'~Z|~Uw`_*cX,fdurrant4p
171,ofealy4q@gravatar.com,lR9*Do1UuT($hJ,klorroway4q
172,cofer4r@hao123.com,fZ8_M7b{,mburfoot4r
173,ksorbey4s@army.mil,dG7$P6p37UIk,nharbord4s
174,ajessen4t@macromedia.com,mY6(p3B7n3R$SX,lbritian4t
175,agingel4u@jiathis.com,fT2\*+wKL,atedorenko4u
176,tstillert4v@gizmodo.com,sS4/07S#HMy3,mtucsell4v
177,oruppertz4w@a8.net,aK0@9F%LHgo,arisdall4w
178,tdyerson4x@rakuten.co.jp,aD8{@eyVT<,cmacilhargy4x
179,kautry4y@meetup.com,"eP0_(WDI6""0~",ibudding4y
180,mnewens4z@nps.gov,uR0)ti(XE3Q,cdurrett4z
181,ccollingworth50@cdc.gov,nF1}8Pry=@,skestian50
182,fjordine51@cnn.com,lO1!yTDR)WSTP!8T,lonyon51
183,nhaveline52@arstechnica.com,yQ0|lk)pH3,educaen52
184,headmeads53@photobucket.com,"eL8<N`G,*",tjelk53
185,awindmill54@squarespace.com,xC1#OWQ'Y~JINuP,nsarle54
186,cketchen55@quantcast.com,nO9'PK2HM4o<fbxY,everbeek55
187,kbaudassi56@opensource.org,nD7$R!6oaH2.,tposten56
188,tpetrovic57@washingtonpost.com,uR2~vmIskH,meilers57
189,mpead58@imdb.com,oZ1_=CGo3jsaZl,gdolder58
190,abrookes59@twitter.com,rC2#7DK=>_o,ghorning59
191,ddissman5a@ihg.com,pW2!Ax'd>4+{z0,lpeace5a
192,kclemmens5b@weibo.com,aP9%CkMW@Db,gblondel5b
193,cferreri5c@noaa.gov,yZ7~aWsa}NV,vmcgavigan5c
194,eoolahan5d@altervista.org,tK2*~Mg9VZ,mmcmillan5d
195,zperkins5e@narod.ru,kU5=>XTS',jgaiger5e
196,lvyel5f@g.co,"wZ3!jdGw|x,",trankine5f
197,echaplyn5g@ovh.net,tT0(Qp&8R,fdakhno5g
198,lmickleburgh5h@wp.com,vU1*N&8N,kscaplehorn5h
199,aellick5i@samsung.com,"gF0,(K`3j`2)Rq",tstroobant5i
200,strundler5j@1688.com,"oY4&m%nV0|O,ZQ$}",gdolohunty5j
201,morcas5k@china.com.cn,jJ6)G3*~>,bcoombes5k
202,sbradley5l@howstuffworks.com,zX9(M91xf$G,nwalklett5l
203,sstanesby5m@feedburner.com,"mI9$kSs,<5+b",wblesli5m
204,gyablsley5n@who.int,sT5}~REx#2R@LoSJ,scockroft5n
205,lspours5o@furl.net,dZ9~47cRx,nclaybourne5o
206,tjerzyk5p@last.fm,nF7_yGtN\u3t9/,smaccourt5p
207,lyakovlev5q@fastcompany.com,tR3.!MJUzU.A,jemmet5q
208,nandrag5r@de.vu,"qK7""ETz9""d`*UP",tbrisard5r
209,ygettins5s@sciencedirect.com,wR9='f\eBzVVcR,vludl5s
210,dalders5t@flavors.me,lL0&B%>JH,mbromwich5t
211,caslam5u@xinhuanet.com,wA2`wdC_.xR5=lkp,abadger5u
212,ftinman5v@sakura.ne.jp,xS7<D/0.6~f6&ui,broyans5v
213,amanders5w@google.ru,zC6%Y#_+bsY,enendick5w
214,kharriss5x@netscape.com,uB6'iEx852?w,ooda5x
215,sbleakley5y@nyu.edu,wG0.5Y\8F<w.ra@,dsexty5y
216,bchapellow5z@storify.com,qE6}o_+RMaYzC(,bdaviot5z
217,ccornhill60@51.la,gV5(3'K5+o,aduffy60
218,cmclachlan61@uol.com.br,hL4>$c\eBzYN',alongbottom61
219,bgrishin62@wired.com,sH1$Aov*mt#,sblouet62
220,gleathley63@photobucket.com,cD1{ChhpET|,njackes63
221,mbaudinot64@amazon.com,dA6!}C\f,fbrokenshaw64
222,bferson65@wikispaces.com,hX7)?1|MN|,tchislett65
223,dconnal66@joomla.org,jV3_&8<=N@m~),jwillimott66
224,cwagen67@cbc.ca,bF1*EG`RfEn,pwillavize67
225,aboatswain68@accuweather.com,lT2?0mg(cKP,sedrich68
226,clavelle69@sohu.com,sU5'VS.o&?xoY+i,masquez69
227,rberthome6a@mtv.com,"qG4&N!""/,*JN6d",pjellyman6a
228,rdoles6b@unc.edu,fG6#RXOMpC,snairne6b
229,scaress6c@1und1.de,"yQ9*6mBL,lm",hoswell6c
230,gjepensen6d@lycos.com,bX7~?r*T,dphair6d
231,gcoleiro6e@nps.gov,pI5+KbVWcXnGws2,mnevin6e
232,twoollam6f@clickbank.net,cY8{}EjlX,hsmalecombe6f
233,aklyner6g@chicagotribune.com,fM8{d*AZEw,sthying6g
234,ccrasford6h@ocn.ne.jp,vS0+hRX!d,deberst6h
235,svarker6i@craigslist.org,"xK2,_3b_LE",htrippack6i
236,cmatthews6j@dagondesign.com,kG3)91l!,mspellsworth6j
237,cweber6k@bing.com,dQ2)Y|HYme,rwhissell6k
238,preadshaw6l@vkontakte.ru,tB2(7J`Z,anoblet6l
239,ameredith6m@last.fm,nU3$pX#H@w{Z/,mbouskill6m
240,mchancelier6n@home.pl,oZ2`*iU_Zuy,smcqueen6n
241,mdarragon6o@upenn.edu,dD2$'Ktek?@G,mwhitmell6o
242,cglyn6p@trellian.com,aP3!<x/fm{/,ehuck6p
243,hblacksland6q@merriam-webster.com,dS1(dxfdU,dchadwyck6q
244,ftumbridge6r@csmonitor.com,pW9.Va.cm~`SmK,awaud6r
245,ekalinsky6s@blogtalkradio.com,iD8<yn'@#0q,esherebrook6s
246,ccarneck6t@list-manage.com,eB3!M{=g,plinney6t
247,rkienlein6u@google.com.hk,lT2).f4ahFz4,gbeeson6u
248,speaker6v@dailymail.co.uk,"lZ5=5!O%3""pq$",alippatt6v
249,nspellworth6w@ed.gov,wR6>>sUuM,rallworthy6w
250,bhazleton6x@youku.com,lY1<(l(%RQ,claba6x
251,ktomkies6y@wufoo.com,"oD4@CX!Kl""vUW",hhuortic6y
252,ktapenden6z@elegantthemes.com,aA7{=kl',jhalfhead6z
253,itiltman70@netvibes.com,dQ7/pEV&_gPMJikF,jbrennand70
254,knewlin71@time.com,kE7\/WRgec,ccasotti71
255,wgrundle72@wordpress.org,"bJ5=,R|c",cwhotton72
256,cmitchall73@meetup.com,yR6!>OH#n|?1,hkaesmakers73
257,aeydel74@europa.eu,cN4</ZJoaa`,eseago74
258,oboodle75@vinaora.com,iJ4|</nA?}e#r),xleads75
259,mspowage76@vinaora.com,mP0`y|S'jWfaK,sasher76
260,cgeraud77@blogtalkradio.com,zO3>U<$=ia_oH&R,zmethuen77
261,khimpson78@nps.gov,eT2*lq@o_`UtXo,jtaveriner78
262,apauls79@nationalgeographic.com,"zL9""X~""k""FYO""",kboucher79
263,lallaker7a@uol.com.br,"bN9%<""G1",oalten7a
264,amaccumeskey7b@ucoz.com,"cN1`gFGH"".Kvnb",tmachan7b
265,tparkeson7c@scientificamerican.com,mL7_#_~z,fbonder7c
266,gcowey7d@xinhuanet.com,bN0|U\L*3>vI_Y?,kingarfill7d
267,omartini7e@columbia.edu,bL9<3F#u8,rgasperi7e
268,amccosker7f@ft.com,rX5*gk_!,khatwell7f
269,inial7g@pcworld.com,nQ2{am&|,gmasser7g
270,hharbinson7h@berkeley.edu,"gA2?<2/_u*r""",lwadley7h
271,tmusso7i@wikimedia.org,rD6?eCgl1Ij'_,aferronet7i
272,nkiddye7j@github.com,aF3(uw1d~u6)c@GD,ksnap7j
273,psockell7k@phoca.cz,"bX7,>R4'p@I\v~Aw",mgrinnell7k
274,zjamieson7l@dot.gov,yZ2>CDi0jFaogRjb,wtadgell7l
275,drothermel7m@fastcompany.com,nG2<Nm5*,wjimeno7m
276,jdadda7n@goo.gl,aV7+{}2<1@k4,anelthropp7n
277,bkear7o@hibu.com,iP9)@NP`V,ypond7o
278,zjoynes7p@arizona.edu,gY9_uQwH<ohW7,hbrookz7p
279,gbestall7q@nature.com,sP7%{qN*mndXqBE,nalp7q
280,cklageman7r@dedecms.com,wX2=!z+znLZV,dblewis7r
281,gvalenssmith7s@marketwatch.com,kF4{P<oT,lbrehat7s
282,belsay7t@vkontakte.ru,vH3?xY0I0,cclouston7t
283,tburnhams7u@nsw.gov.au,sV4<H4A9+@!,smclanachan7u
284,odurrance7v@ed.gov,kT8#kqPTQE,jgrodden7v
285,cpetrenko7w@surveymonkey.com,eZ0\|Hr=Hw,tkleinberer7w
286,soxborrow7x@ycombinator.com,pW0+(N4),alawson7x
287,mchaffey7y@salon.com,kI5<r`2x+,rburdus7y
288,gmcginlay7z@51.la,"yA7}*?SJ""c",ktankus7z
289,tfisby80@auda.org.au,"lL8)fO{,8",wkasting80
290,cabbey81@edublogs.org,cJ6}eYB=p<v,cfenney81
291,mtrusdale82@1688.com,xE2{X+u`bD=%r1,nkiley82
292,bdickerson83@addthis.com,"yT8~VkrzKzyE,dm?",bnaptine83
293,aberesfore84@omniture.com,uA5&j25`hW$,lfishly84
294,ddarrigo85@devhub.com,sN6/o?ZSSC_W,wcordeix85
295,eudie86@reverbnation.com,lY0)AY=B0w,cdyball86
296,ntabner87@reuters.com,"oZ1,HnRCl8",cbaines87
297,ldaud88@51.la,kE1_.owb_ub<w|J,rbrion88
298,khapps89@ebay.com,dZ9?YHknIoX,gputley89
299,rdrewet8a@japanpost.jp,"kR8""+W8TX",ealten8a
300,oruselin8b@google.cn,iK0_'6aN5>kU,lshulem8b
301,ydmitrichenko8c@hubpages.com,bZ4.Rbw.gd,fdeshon8c
302,ltregent8d@sciencedaily.com,pS4>C3+OM>?=,ljovicic8d
303,margente8e@smh.com.au,kS5_G3zc}%N,jakaster8e
304,jnower8f@elpais.com,"kM0,T{kUZ`>xvR",rklement8f
305,mbedow8g@statcounter.com,cY3_bhj53Ki/,ngary8g
306,ghambly8h@howstuffworks.com,qF4*yOtL#EFx+ozI,jpoupard8h
307,mtroake8i@sakura.ne.jp,dG0>'q(VgKc/qr,mcotgrave8i
308,ldevinn8j@nifty.com,wU0~8jz4bx,mlydiard8j
309,cmooring8k@bizjournals.com,uL2`yQT.e,nmcinnes8k
310,aferrarin8l@google.co.jp,bF4~Gud#NO,gvaisey8l
311,varnell8m@zimbio.com,dT2+b65.L{/}fT,ijoye8m
312,aquodling8n@angelfire.com,"bB5.7$""x%hr8k",psauven8n
313,slarway8o@washington.edu,xK6*4(HQM&93V,lyoslowitz8o
314,mbatey8p@statcounter.com,aS4@@LzR!6jk%s,mhinz8p
315,marend8q@cbslocal.com,xZ9{K=tu1,botham8q
316,cleaney8r@booking.com,lJ7(pG}wy.xkNc`U,vbriscow8r
317,hbrannan8s@chron.com,iY6(3jup<$BN?,rriquet8s
318,eliptrot8t@google.cn,cR4*iPqV!OSF,gbelden8t
319,elissandri8u@mashable.com,"rS0`6""9F",lhymus8u
320,aguillain8v@netscape.com,sF4*D$$vg&7Ew,jsuggett8v
321,jwoodings8w@cnet.com,pV5%.'#O6A,rmoscone8w
322,elong8x@mtv.com,vC5|@|!Du{g4EZ!H,tlattin8x
323,mwalkowski8y@china.com.cn,jZ0?RUrG,cblanko8y
324,dclemensen8z@tmall.com,bD4<PwIyx7ZoGvU~,atayspell8z
325,jpendock90@quantcast.com,gN7#X~O@W,ctewnion90
326,oscreen91@businesswire.com,uT2*5\)sKq7mh1,rthebeaud91
327,rpayley92@house.gov,zR3){FJX,asexton92
328,adorricott93@tumblr.com,zF1_#<72gs$_(jn,mweedenburg93
329,jgraine94@clickbank.net,fN9|`V{4OwTU\eH,cbarrand94
330,dpottinger95@nymag.com,cH0#=Fn|(\pD3,gvonderempten95
331,ghanssmann96@nasa.gov,bD5*wiy!K9L=,dcarrel96
332,tredwall97@disqus.com,xC7`sonlDQC7?x,cyoakley97
333,gstrut98@cbsnews.com,iI0'BElBniAGppoi,mbreagan98
334,mneed99@shinystat.com,"oM8)y,MA",tnelhams99
335,gcorden9a@state.gov,hJ0}wpfo|,cnickoll9a
336,ecouthard9b@admin.ch,uF2?ArNd,bleads9b
337,hgudgin9c@ovh.net,oJ7@9{0+w,dwais9c
338,kwemyss9d@pagesperso-orange.fr,qN8<y_H#j(p$,msegges9d
339,ncakes9e@blogger.com,sG8_Ky18XFw',ejolliman9e
340,dkeiling9f@mozilla.org,mA7)1UVvB1+b,jburdell9f
341,ekinder9g@discovery.com,qN0|yrx@4Lu,gthorpe9g
342,kstede9h@mediafire.com,"jT1`g'C""Q6!",msedger9h
343,echarlson9i@lycos.com,nW1@Ma#jR%lesD6>,tram9i
344,bstanbro9j@cafepress.com,oH1|#%p/EPhB,fdisley9j
345,scroose9k@github.io,jG6#&vJm}gM=L>,bhardey9k
346,jdadge9l@go.com,mO1?<&vnHAye*,bchucks9l
347,clago9m@wisc.edu,rU7}mo&`jc5Wy9D,arizzotto9m
348,pbeddall9n@engadget.com,eM7(AWF%(P8CsCR,olugden9n
349,bmauvin9o@dmoz.org,lS1'u\d~M+*F%p,mmckerton9o
350,bvasiliu9p@samsung.com,dV1.ux/\91hwgBb&,ethewles9p
351,gbraker9q@opera.com,dR4*b?V$o218,kvasenin9q
352,spautot9r@howstuffworks.com,"lY6`J=x""",gstuehmeier9r
353,ccolbeck9s@comcast.net,zR2<n.{=qnYv1LwD,ntolan9s
354,apayze9t@businessweek.com,uA5*wHQ?|T/,llakin9t
355,stulloch9u@seattletimes.com,fQ9(PECvT}iGu6Vc,cmagister9u
356,abrunner9v@printfriendly.com,kL7({2>`#J,dbrasher9v
357,pdumbellow9w@reuters.com,hU0`mLtL,bmingardo9w
358,mjewers9x@gizmodo.com,"vU4,M9k'_{lxf",bcoffee9x
359,bgoldhill9y@webnode.com,fH9{o49Be_$PR,lrandalston9y
360,tmoulsdale9z@google.ru,"bH1""Ud}u",wmilward9z
361,jsarlla0@sciencedaily.com,kC0!bW3j),bgraalmana0
362,vmckewa1@mayoclinic.com,zG0>i7q7WEext,lharcusa1
363,dshenleya2@wp.com,kY1$2EEEVO,jbeneditea2
364,rjouannina3@japanpost.jp,oA6#E*Uecl#3F=|R,awisdisha3
365,jhendrichsa4@gizmodo.com,wE1%4SB(,rbroadeya4
366,clinkina5@xrea.com,jU5=zehEy9jaCUh,dudalla5
367,aansteada6@aol.com,"bM9,@SS?FV0B",ymoulina6
368,nhradskya7@virginia.edu,oZ4=NW1<Bb4,efulksa7
369,ecarrena8@wikipedia.org,iS6(#ARB<ml,cclosea8
370,lfenninga9@i2i.jp,sX7'|/bz0ZB,gpryora9
371,srawlinsaa@bizjournals.com,iD9/0r_e$lU/E,dlawlyaa
372,roshevlanab@e-recht24.de,rD9&3$h5.DtdpJ,fgreenshieldsab
373,mpickeringac@baidu.com,dW5>OM>{T,smogenotac
374,aphilpotsad@flavors.me,vN8{mI~\k#ul,cwilkesad
375,htilliardae@eventbrite.com,pK9@KX9Lr/_ZR,smosebyae
376,asprionghallaf@hubpages.com,cN0{IK!OW,pelionaf
377,amacneelyag@nba.com,fI0'$OQSzxJx,pkordingag
378,noldroydeah@acquirethisname.com,bC3?<X_n,dnoriegaah
379,bravelai@omniture.com,"nY8}@{/$4&,D4j",cpietraszekai
380,rturbittaj@gmpg.org,qJ4>Gos_S_8}nv>7,curchaj
381,hgobolosak@rediff.com,"cO0>\""hiQzWgR%0",afairbeardak
382,alillecrapal@myspace.com,"aK5,{5wQ*N8n<o",mandragal
383,jruaneam@mashable.com,lU5~0wATo)y,nduckersam
384,hpinkneyan@admin.ch,oJ5+TnWlgEIiD8$~,rnorsworthyan
385,wotoweyao@behance.net,"eZ4+HvTi6`qdo,=",wruminao
386,jtumiotoap@wufoo.com,mA0.a$hI,fallcornap
387,wfeldhammeraq@berkeley.edu,oT5)=9>\oE(KZ,rjeannotaq
388,akylear@paypal.com,"oW9{\SpF*2""ft$nE",whanbyar
389,jraxworthyas@utexas.edu,"jI4.q*qBje,",mhenrysas
390,sserridgeat@privacy.gov.au,uI9(_q}k,vspohrmannat
391,jsollimeau@imgur.com,"gN6{oor,S!@xrO",tarundelau
392,emeringtonav@hexun.com,nZ3$cY#WQP=,ofarfullav
393,estaneraw@soup.io,"tW2{tL""kh$68",cbonafantaw
394,eellissenax@webnode.com,cL7!>c~.w?zO),jlemmeax
395,jzoephelay@discovery.com,rA9*Dm<P}e,tosbornay
396,ewolseleyaz@zdnet.com,qZ0\Xr%Z'x1,dsawfordaz
397,hfurmagierb0@geocities.com,"yT8?""I)pF~@,2",ssilverstoneb0
398,esjollemab1@blogtalkradio.com,eX7%lMP/HGYQ+E,gomrodb1
399,brewanb2@deliciousdays.com,"cV6_f({,}97Vz",aguillotinb2
400,mhacksbyb3@opera.com,bH2~n'hYBB,emiddlemistb3
401,apeirob4@blogspot.com,uN3%&$S\O$PqYgGp,ekelletb4
402,ralflatb5@github.io,iW6%Wm4E_<Yo\MGL,fandersb5
403,fkestleb6@people.com.cn,nO8~X!NM(!+eq,dcoathamb6
404,lmcmurdob7@webmd.com,oE0)tYgD,bwhittingtonb7
405,ksqueersb8@prweb.com,cK1$3a~G7iDWF,mswaiteb8
406,dnorburyb9@google.it,pG3&'Kv+d9(,jpanonsb9
407,lwordesworthba@opensource.org,vX6@1bHR1Bve(2R,jstedmanba
408,fmcbeathbb@list-manage.com,cW2}p0arVL,smacandiebb
409,kbarrasbc@nymag.com,jY2/&FpkN*_l\>,aiacoviellibc
410,hiveybd@github.com,jH1/XbkO>(5#Yt+,jpadmorebd
411,bsheekeybe@hexun.com,"rU5!d>O$Gf>K,",kwheatcroftbe
412,acarrolbf@youtube.com,nP3#%r<&KYqy,ndellcasabf
413,mwiggambg@thetimes.co.uk,aD9*>@CWNF~fK,aarelesbg
414,mkennabh@instagram.com,cK1=a\._,gstattonbh
415,ehaningtonbi@toplist.cz,fE2%=iF/=LwEnV.,mregglerbi
416,rsenecauxbj@nymag.com,"lL8{*,eu",asearbybj
417,elayburnbk@yellowpages.com,iR3`P(z=}4,dcuttlesbk
418,emiliusbl@cyberchimps.com,yL8%w+WB~,kvivienbl
419,svostbm@statcounter.com,eE4*tUkU,sstutherbm
420,nspadabn@wordpress.org,bN3}WsS~O$P5QLu,lmathisbn
421,cbasebo@shinystat.com,"nQ4).*""Kj~",mbodlebo
422,rdifranceschibp@ucoz.ru,iP1~QPpP>jB,tsearlesbp
423,mbenningerbq@cyberchimps.com,wK0!eOYC5N?wG,cduddenbq
424,rpietrowiczbr@dot.gov,kE0&@Z6{,cpanniersbr
425,jkunnekebs@cyberchimps.com,"nZ2,lX2Q}Q",pchessonbs
426,adeftiebt@istockphoto.com,nG6@>eNv\SHya_9,kattargebt
427,dpriorbu@baidu.com,cC6.2i#M,cprobetbu
428,mheinsenbv@uol.com.br,eV6_?ig%,npelcheurbv
429,mabbottbw@cnn.com,nB3>7J'9`O,bangeaubw
430,cguiderabx@cloudflare.com,aF3@+/i6t%s)jZba,rhurkettbx
431,hantonazziby@ox.ac.uk,eM9=q(56,pgronewayby
432,gkurdanibz@yelp.com,mD2_E47`A,smaltsterbz
433,rblackallerc0@over-blog.com,eF7$xfQ\r,gberthonc0
434,rsmorthwaitec1@github.com,xC6/<ZsrQQf+v,socooneyc1
435,bpatzeltc2@opera.com,sE4(zp<>dZ`,sdanaharc2
436,bwilemanc3@t.co,eL3!.g5lY4,caddamsc3
437,emcwilliamsc4@smugmug.com,jF3}f1MORoI0'}B,ghorlockc4
438,mstorryc5@cloudflare.com,"gV1&j1R'\te,MRqb",mcoventryc5
439,gmacpaikc6@apple.com,oB5<9pm\Wv~Ge50,npoverc6
440,browatc7@arizona.edu,lW2%NRLGVfBBZ,faltimasc7
441,klevenskyc8@instagram.com,"rY7)Wf""+",abagec8
442,jmalenfantc9@nps.gov,qE6`v/Ge8O?2((z,akymec9
443,tdomenicoca@trellian.com,wO2!o+G4t$P+,rmatoninca
444,welsburycb@cdbaby.com,qN4~Nz=T{Y,bclowleycb
445,psidescc@chronoengine.com,nA1_m')'7H#N,mlatliffcc
446,lgoodswencd@webeden.co.uk,rX4)L*eNW&dEOuX,aclapshawcd
447,tadamoce@marriott.com,hK0=OQyRXz|FSwDJ,ljepensence
448,bbeachcf@psu.edu,wI3!jL.qK9|`pGrn,wlampittcf
449,ldykacg@newyorker.com,uT4/KX!n,cknellcg
450,vlennardch@jigsy.com,tV5+MqI)lVa,cwetheych
451,sjakuszewskici@seattletimes.com,cW9{`>8fbi,ttolfreyci
452,cgouckcj@liveinternet.ru,xW6'vB$pzu~AI,rroachecj
453,sdepaepeck@tumblr.com,fV1'*8ALnfS\a,gcutrissck
454,ptantoncl@webnode.com,yR9\$.Ue*,nwolfferscl
455,esmallpeicecm@prlog.org,"nH1,maU9F|MEBbK",alangthornecm
456,bgrittoncn@sciencedaily.com,zN6!fOcz&kmE@Ur,bmelliardcn
457,tnasebyco@apache.org,nS6<)z@b}},kodohertyco
458,sbayliecp@reverbnation.com,pC0=`&y!CEsT,eregardsoecp
459,ffullardcq@mayoclinic.com,pI9?zc1FkEW8|4=,cmatoncq
460,kdunncr@list-manage.com,lB7#f>D5)t%W,evannuccicr
461,eitzikcs@blog.com,"uV8,d?3`&pW",nhouchincs
462,tgermanct@auda.org.au,"kL1(ab9O""",bsouthwellct
463,dnortherncu@altervista.org,fD6#DqR#=CX8,rmucklocu
464,eposchelcv@discovery.com,zD1>A@mLes35fXD,amckinnoncv
465,bbrunnercw@angelfire.com,qL5\beWg.wV8*A,mwallascw
466,sganderscx@delicious.com,"yA9,X$uh",cbaggianicx
467,dclearcy@soundcloud.com,"qP9,.X1*9LH|vsx*",ipysoncy
468,zgoadbiecz@imageshack.us,uQ7_J!#RX_6a,rgeorgelincz
469,zavraamd0@time.com,"wG6""<}Di7|D",jscarboroughd0
470,jstiegersd1@sbwire.com,jD5@NEsY0,kstirrupd1
471,mkenealyd2@godaddy.com,qX1%Htlc8eNDo#,rgillbed2
472,lambridged3@yellowbook.com,iC2\Ltu9c9.~oc}},nvenningd3
473,splaned4@google.com,oJ7!nW=AX,mtimothyd4
474,ljovisd5@weibo.com,eM4{}5b9,skilmurrayd5
475,nhousegoed6@ask.com,nN2@=GQC!,dansettd6
476,kskewsd7@quantcast.com,wP2}|mJ=ld`5Eg7W,btrowd7
477,inisend8@nhs.uk,"uJ9~bxI""nc!",nlanktreed8
478,hmcgavigand9@sakura.ne.jp,rU0}beLP,wsewleyd9
479,eseacroftda@t-online.de,lJ2&LL`7C7J'W,zjakubowskida
480,mlyndsdb@ucoz.ru,sH3?+AnHx2BH,jtarquinidb
481,jgleadhalldc@army.mil,aA5%GCA)9d?0\,khamiltondc
482,aovittsdd@umich.edu,kB5=YLy.O\Y'v2,lhonnandd
483,eterreyde@hatena.ne.jp,aC7.G`nbMv,ccluetde
484,ocallwaydf@pen.io,gL9$SY%0,mbarreaudf
485,lcadg@sina.com.cn,cW2{*fLClt5,mgallymoredg
486,kverseydh@irs.gov,oN0|&9JF,srighydh
487,ltrudgiandi@weebly.com,wK7++bUyCw,lgimbartdi
488,kfaccinidj@un.org,pK4`$_wrH,jmicheudj
489,akarusdk@printfriendly.com,hL5?RSDFH,dbezleydk
490,iashwooddl@nifty.com,"uC2""+8589o{""o{B#",lreekiedl
491,pkohrsdm@nyu.edu,fT0+(ydL?X/a0*?},jsweatmandm
492,clyonsdn@flickr.com,pC8/hQbp4pc6M,sdisburydn
493,cmahmooddo@hp.com,"bT2,GKl\?Q!GQU.)",tmclenaghando
494,zmurtondp@who.int,oW7?Yw$NQhKy6z,mantoniodp
495,wpapacciodq@rambler.ru,"kG3""tr5n",dventondq
496,lhawthornedr@zimbio.com,"eZ5{y!g{(e\,",tgentdr
497,pborrowmands@harvard.edu,cN9.4hDUN?h(YV,hrenachowskids
498,lburdittdt@java.com,nS2|lqN0XRn/YH3G,galbonedt
499,jjiggendu@sourceforge.net,dW9=Pv9&=&,tbielbydu
500,apoutondv@reverbnation.com,dJ9!Fl3/}Dg&sBy,jpetrasekdv
501,wslymandw@yolasite.com,hJ9!L.NrsA_,dhounshamdw
502,tdomleodx@youtube.com,cS0`d=5'o#{|WT,sbrutydx
503,wcaldwelldy@csmonitor.com,vX3_<@PLp{k,cpassiedy
504,bhasnipdz@sciencedaily.com,aA4%@~gz,tentresdz
505,kblazewicze0@virginia.edu,rQ0>`f3yM7},sortigae0
506,wrufflere1@mysql.com,hA6`N2k}Ck(x,rpietrie1
507,kluckwelle2@artisteer.com,dC9%}b>f8,bluxene2
508,wemmerte3@nasa.gov,"kK4&Ub|gc""yg9s~",ahumpatche3
509,jivankove4@tuttocitta.it,oY4$'rXpF5lV,smckime4
510,lhoonahane5@ow.ly,oO4@H4wMV5X$|.&,amcmoniese5
511,mromeie6@nydailynews.com,"vC8=%x,0wg",flamartinee6
512,dheame7@ted.com,"uF3+lo#2G,",cgonninge7
513,theinreiche8@123-reg.co.uk,qK6}9NL%t0+Yz,atrimblee8
514,kcowlande9@wunderground.com,eG5*zfW\o,bashborne9
515,pcornhillea@ucsd.edu,yT4|8i8vM%N,adailyea
516,aagirreeb@skyrock.com,gA8)54sF%/,dbenkaeb
517,kcarmoec@bbb.org,xY7@KoM*F@,saucockec
518,ematfined@intel.com,eE1`.>|c2#M,qfyalled
519,climpertzee@nps.gov,rQ7?w)7M}Q_!X59,apavieree
520,kgobeauef@sciencedaily.com,rC0{EOI{kQ+),mboutellef
521,rbartosiakeg@twitter.com,"dR2+""2.g+",mbrissendeneg
522,atrustieeh@vk.com,"pU4>q~i!BaJVg''""",jsindalleh
523,cshakesbyei@dot.gov,uV2.LpM!HR1F{7,mghilardiniei
524,hmairsej@zimbio.com,mC9`rEHf)XSO,jengallej
525,llahiveek@blogspot.com,"wQ4,wQ""qAVE~&_5{",kshimminek
526,rvarnamel@51.la,oL5{l~_9T#,ekorbael
527,amantripem@cnet.com,"iL8<OQ0,o<",fjanksem
528,ahalesworthen@oracle.com,rF6?TGbt93rd,mananden
529,mbreareo@usgs.gov,kR4<7C=KXm#gcp,tattrieeo
530,hspadaroep@youtu.be,wB5%2P06y,orampageep
531,wcottesfordeq@gravatar.com,mY0<RBvo,fmalarkeyeq
532,jbevarer@g.co,kH3<hg)CD>Pr,mbaneer
533,cmitchalles@google.cn,zU4$a2}Y?Oe9N,jmackegges
534,gkivelhanet@wordpress.org,kS9$p.Z(Hqf1h\=1,zbutlandet
535,akitchingeu@youtu.be,mM1\G*H(R9{,psunleyeu
536,crenardev@columbia.edu,kG7/J00c3Y2To)|Q,mgrinawayev
537,eohaganew@jiathis.com,oD1.(w/5X,mcrackettew
538,nbowkettex@wikia.com,"dS9#Z""\U?BHu~tH~",dquernelex
539,rmckeowoney@mlb.com,"fU3,<F8AxwZ~S",tmcgaraghaney
540,dvaterez@4shared.com,yU6@s<d*.8<g8L,tfitchettez
541,lgrayerf0@hibu.com,fE7{~d.MHR7o)J_h,fclabburnf0
542,arubinivitzf1@wufoo.com,fJ1+hEzK>.4tTt,bmanketellf1
543,tmeusef2@51.la,fP5#nP{/>nXyCp+k,treynoldsonf2
544,wkoppesf3@ow.ly,"iX0}(IJ7EH""=w@Tm",rwildgoosef3
545,ivialsf4@uol.com.br,"cT2@L3K2dCs.#3(""",bhasluckf4
546,udalgetyf5@clickbank.net,wV0&P9)B'|(?W0eE,rsoldif5
547,sslotf6@adobe.com,"pS6?K#R""b4i{",balelsandrovichf6
548,ynewnsf7@stumbleupon.com,zH0+F{gNf6kv1!QA,onorssisterf7
549,gfukef8@pen.io,fZ2=k8WbEzMk,djagielskif8
550,kfishbournef9@nasa.gov,"wG6~UQK,T~'>4",dbrennonf9
551,mwaitonfa@odnoklassniki.ru,xP8(XojWI7N0,scovillfa
552,ahanafordfb@shareasale.com,sC7`J9+j,ederryfb
553,cgarardfc@furl.net,tJ4.`bpI%k4NS%IB,ccolebornfc
554,brudolphfd@chron.com,"yR2?$fjCbue""",smahmoodfd
555,pewingsfe@google.ru,"gL6.n/j=""",nbrigstockfe
556,whughfff@elpais.com,yO4=iyhgy4lb,rwolveyff
557,rglasscottfg@booking.com,"wI6""y_""lzUikX4(",gmaciasfg
558,rhollingdalefh@i2i.jp,dJ2{_yfO}>~`,abearcroftfh
559,tvennfi@issuu.com,qN8`>8z!,ldhooghefi
560,lbruggemanfj@china.com.cn,mJ7?)IKWR.Rg,hbowdonfj
561,mbattyefk@ycombinator.com,yD6|KOQ@7(e(|,swynnefk
562,vgooseyfl@mac.com,xW4?0!{S=K,ovaulkhardfl
563,secclesallfm@sakura.ne.jp,iE1*nd}S,msturmfm
564,csparwellfn@imgur.com,"jE0(UY""e%n5Kx,+U",lhavillefn
565,aquarefo@phoca.cz,"mG0.P,'%QPs",glandrieufo
566,rheadlyfp@dmoz.org,xY3*0a(a,dguineryfp
567,kfardenfq@usda.gov,"pB6!9O\,5tTt?X",avaarfq
568,callabushfr@hibu.com,pX5@6aT>uMb07,jchadbandfr
569,bbedingfieldfs@hubpages.com,"cL7}S(m,82y5vNT",msolomonidesfs
570,adunseathft@indiegogo.com,mM1_atF#4B7Bz?Zr,jcockittft
571,kdowglassfu@fastcompany.com,zT2`5*mZ/MGK<r`G,tlillyfu
572,wgilyottfv@a8.net,vO6_lZ9!,ahaskerfv
573,kgerblfw@zimbio.com,pK9`oKuipVm!D,jsaunierefw
574,fcrosselandfx@seattletimes.com,yK3~NE2`n,cfattorinifx
575,jkistingfy@netscape.com,wL5?$tEig5jj=E(c,rhellikerfy
576,oyuryatinfz@ucoz.ru,lZ3>B{y/xcy,mmaccafferyfz
577,scrierg0@engadget.com,"bR9_ZBXA@U83},m",bforting0
578,csaylorg1@mysql.com,zU5/kq9l9X9f$F,csarag1
579,acostanzag2@nsw.gov.au,gK8{+vC9h</AJ)>,epougherg2
580,cmathiaseng3@angelfire.com,hN4(fHi*3}<7,jdamantg3
581,zbusselg4@ebay.co.uk,dF2#U|$M),wbeekeg4
582,rmarttg5@harvard.edu,rD0(6t5#jA/v|4,sshmyrg5
583,mcristoforig6@free.fr,uZ1?Lu)Zf,lstilleg6
584,hrollingsg7@weibo.com,qG6)t&%En,ccallendarg7
585,gmairsg8@g.co,qJ5`gsiVb/GH|,eboultg8
586,ddragong9@elegantthemes.com,wX9#HN!UF.,fpickersailg9
587,ccritchleyga@wix.com,bR6`hYCv6xZ*d,ckerrichga
588,jlastgb@reverbnation.com,"qW6'X=O&""\cj'~",ctamblinggb
589,ghallgathgc@twitpic.com,"mT0""U.k98Fne3SS",bthrelfallgc
590,nfarryngd@discovery.com,"sL6>0=""'",sbachnicgd
591,cthebege@baidu.com,wR9@/XpIim/#c|TQ,jyakobovitzge
592,hrebillardgf@4shared.com,pM5.Ks~eSU,bsearchwellgf
593,rskeathgg@google.co.uk,aX5&|*Nv,hperkinsongg
594,cwerendellgh@diigo.com,"pP2,$Uxr(Z&*",cthomessongh
595,lkleemangi@hc360.com,"lF7!DYLfe8(SrQ,",plafflinggi
596,aarygj@nytimes.com,yQ0*s_Et2,blivingstonegj
597,mmarchingtongk@businessweek.com,zO7~Iw$O{hJM>,bvotiergk
598,hrosebothamgl@usgs.gov,dH8)kfU|rp?,fsilbergl
599,dwattongm@arstechnica.com,nN4)ZU*McUgndMKz,sgentreaugm
600,omclesegn@wikia.com,"hN2""h'qw.l",bdalliwatergn
601,yyarrallgo@plala.or.jp,"pE4>=F0?5uVXwJ)""",fwindridgego
602,derswellgp@hugedomains.com,rT6\/4fD9,fpeterkengp
603,ldulantygq@biblegateway.com,sK9|6l=`v!',gnormansellgq
604,gcastagnagr@topsy.com,dW4(}\Hwr,dorpingr
605,rfergusongs@networksolutions.com,nX2&a>*J\Jcod&K,jstollsteinergs
606,lfogdengt@bandcamp.com,"yE7|QCT,NF|3pg",rbagniukgt
607,kcardengu@bing.com,fR1@8Z_rIwa__WSB,cshorlandgu
608,weastcourtgv@fastcompany.com,sG4%e|S`%O,phambletongv
609,mravelgw@skype.com,"mM4,kfd((,Yg#",sjordesongw
610,rsallinggx@webeden.co.uk,lJ1.j./!_,tbrotherheedgx
611,abaudassigy@is.gd,xQ9'%Bw3z8a_,rfedoronkogy
612,mlawmangz@reference.com,iF2_X=U.p~9+d)$|,vtiddergz
613,ghollebonh0@netvibes.com,rD1}wI`AZ5Ts,apontefracth0
614,giveansh1@boston.com,rT7|#OuqyD,fwilcocksh1
615,lfairleyh2@storify.com,"sZ5{,{j3M?M}",gcloughh2
616,cwhittah3@netvibes.com,"eE5,hS)vY*0gLLA",lphillph3
617,btrusseh4@ucsd.edu,nS7#wn\phU3K~oR4,nsheedh4
618,mpilipyakh5@who.int,nN0=Kk=(<BL,fcordenh5
619,vjanickih6@icio.us,zY3'(H$%AAR,ttieh6
620,bshoneh7@friendfeed.com,yB9@T?iX7|}2ay,rtuttonh7
621,mboffeyh8@icio.us,"uZ0_s3"")n",jarkcollh8
622,kadamoviczh9@ovh.net,rJ7>vAydfbdzjBr,vraweth9
623,bsennerha@discuz.net,nX0&l}.tBwX,dlintinha
624,mhopferhb@pagesperso-orange.fr,cS4@L.oz'cOJ?1,skalkerhb
625,rduferiehc@i2i.jp,eC1.CO+#X(7#,yanglimhc
626,gblankinghd@last.fm,xD3.mbt23/%MfeDo,moswalhd
627,btaplowhe@wired.com,"tW4""eRCUd(",mslatfordhe
628,tclemenzohf@surveymonkey.com,vM6@j2)'5}Nqu,rverdenhf
629,clyndehg@w3.org,qL9\E4'%#95S,kduchatelhg
630,bmcilrathhh@godaddy.com,zT7%l%b${|w,mmiddlemasshh
631,kforresthi@samsung.com,oM8?3amH,hdamperhi
632,afarmarhj@cdbaby.com,"uT0#6+_@#""",hpheasanthj
633,fwickiehk@nasa.gov,"pB6)l1xKI*4""",agodthaabhk
634,dglavishl@usgs.gov,"aT1+%2RVk""rw2",mcroncheyhl
635,ltejadahm@freewebs.com,"mA3(&WL""3",gdrablehm
636,rskipperbottomhn@google.com.br,aO3)=J*<<M,berbehn
637,mstaytho@purevolume.com,"pX3<""/zFQ",smethringhamho
638,fkeelyhp@icq.com,"jC1""7dH?MUA",grecordshp
639,smacellenhq@yahoo.co.jp,sP6/`m.vN,ajurewiczhq
640,fonoulanehr@nasa.gov,kK6)5&aK,nbenjaminhr
641,ahalwellhs@discuz.net,vZ1+s58j7hFP*`,tdoubravahs
642,oraysdaleht@bluehost.com,"vG9`3""!}/dRDi*Q\",cwanklinght
643,kdockreehu@cam.ac.uk,cA8)QD7K,dmapowderhu
644,mmillberghv@pen.io,eA4&jE)F,ccecchetellihv
645,achiezehw@baidu.com,lK1=F45T~h?k,tharphw
646,lbreinleinhx@blogtalkradio.com,zV1+(~W}5%R,aradishhx
647,amatveyevhy@loc.gov,yT2.G?_t,nsharpleyhy
648,rboninhz@blogtalkradio.com,lN1}d3R}H|Y,lroslenhz
649,atordiffei0@creativecommons.org,"jB3#f4v_l@Pss""R",cmacanei0
650,djelfsi1@themeforest.net,yN8/P3LWP=YbX!,hfieldsi1
651,tallini2@smugmug.com,lA3'D@<{,rhoodlassi2
652,fdietzi3@pbs.org,pE2@KR8fz{,lloransi3
653,fdafferni4@statcounter.com,kO6)aqtZk&MVa6,cshortlandi4
654,bmooresi5@freewebs.com,yD4$quBr}!#MB,rramloti5
655,fwoodlandi6@hud.gov,"zH1<,xtBV=Qzec@9",edoranti6
656,jchancellori7@networkadvertising.org,fS2(W=mew,balcidoi7
657,ptoshi8@utexas.edu,wQ0`bn6lL%C,fwillsi8
658,khofi9@tripadvisor.com,hV0~MZYI,bbestimani9
659,dcalderaia@deliciousdays.com,wK8#Z&KnNZgg_i,obradieia
660,bbutlandib@qq.com,uA2>Maw1F,gbadiniib
661,krouseic@ning.com,iD8<tg6RANSb,bpoyleic
662,millesid@linkedin.com,hC3{aPWKB*8Re'_*,rwhybornid
663,wcrewsie@nps.gov,zU3\/UjEmgSH>=3,sklavesie
664,orewanif@salon.com,jR6%po/0ycQ=,bbenfellif
665,btomkinsonig@taobao.com,oC3_}t8VPTLA,apealingig
666,shustlerih@archive.org,nP7&SNnZ(?*%~,acallanih
667,bhanmerii@vistaprint.com,sT2#DX`SBL*>7O5_,khaddrellii
668,fabbatiij@bandcamp.com,pZ3&K9'h!`DA>|,cmilhamij
669,emaclardieik@huffingtonpost.com,mF3(JAJ8Hj$F,tmanieik
670,bgoodeeil@nbcnews.com,mF3{0X0Ta,tdumkeil
671,bbellhangerim@cam.ac.uk,dK5|z`f*E~N,dmaffiim
672,bdabornin@github.io,aV0_$Zu!&%=r?ev,orobyin
673,wsitchio@intel.com,uC1?tGm_=KKE,fkemmeyio
674,woshielip@github.io,lL2>X&guy5@,dabatelliip
675,pbentiq@reddit.com,"sK4,/*'195vu4YK",rgiacopiniiq
676,rreubensir@mlb.com,dG1<d7GExapTl%!,gwalkleyir
677,iealdenis@netvibes.com,"lZ0$9KO2,&n",ahaironis
678,oklugit@mapquest.com,gO8|nn@73</#39,nwebenit
679,rworcsiu@yahoo.co.jp,wG8%9z2xN4*,rbloseiu
680,jkaleyiv@xing.com,hH5*y)2=xchHi@,csmittouneiv
681,kocorriw@wikispaces.com,pS0.n2yvgAp8*,pdyballiw
682,obatchleyix@youku.com,gE2@ZX46aH|_G,bmiskimmonix
683,cburtenshawiy@ask.com,tV2~ckQokY#,rcolyeriy
684,pascrofteiz@adobe.com,"pQ4""e?JODjzPHEi)",hpetroviciz
685,pbirkinj0@omniture.com,vM5)fCRrQ$R8u,asindenj0
686,pwinckworthj1@ucoz.com,cT8*7`<SJ6_K?,psedmanj1
687,rreekenj2@google.it,nM5+=PqP?vDe*.Zb,seaganj2
688,ldanceyj3@shareasale.com,"iM1{sL6,@",mnoblej3
689,falywenj4@loc.gov,jM8|P}VKFXE1,yplattsj4
690,pdultonj5@instagram.com,aS9)Vol't,aalywinj5
691,clockerj6@barnesandnoble.com,"jF3=k&.,Wr>",jthamej6
692,plintottj7@liveinternet.ru,rG9*q9~gC,mtowlej7
693,hvirrj8@sciencedaily.com,"oZ3`j""EK>O0qp""",dmoughtonj8
694,ckemballj9@artisteer.com,hD1&#p)},lbrightj9
695,jdimariaja@wordpress.com,rL4'Z+Bd0C,tatheyja
696,fwakerleyjb@wsj.com,iX8+58QuVQR,obarteljb
697,bbackshilljc@baidu.com,tD6~`%1EzH'5m8fQ,ctruwertjc
698,jscorahjd@time.com,jT3#=KB#Ps3V7cEz,scowdroyjd
699,wkaganje@addthis.com,jZ8#NHPoRvcY~~l,mplitzje
700,cbotwoodjf@wufoo.com,"lC2,~c26L3P1",mbukacjf
701,dullockjg@furl.net,oI3!t8y?!0,kewartjg
702,wculloteyjh@altervista.org,wU4>~M+vJedbhUc,bduigedjh
703,ldinneenji@paypal.com,uR8&rD+.,celleringtonji
704,ablasdalejj@earthlink.net,nT5_&?c\C(+Wn}x\,eclappertonjj
705,vgiamittijk@engadget.com,fJ9&\qN8{Tcq9`,mwooffittjk
706,rbossonsjl@businessinsider.com,rX9>9*EFaOq,kburdsjl
707,jmanuelijm@4shared.com,qO6'40P~@r0@z_T.,eroughleyjm
708,ghunnicuttjn@pbs.org,"xF9(WeS,R",fjensenjn
709,sboribaljo@tiny.cc,bD4.AtpCYRbO,dhindrichjo
710,mpeasegodjp@dedecms.com,"aE1{)<%$Z\R,m",lantoonsjp
711,korredjq@who.int,nU5=uL8t~{{},bmccliffertyjq
712,ljurczakjr@alexa.com,qJ4/3_Yh,srubenczykjr
713,rrennejs@163.com,fR2_@ch1Ui,mcroomejs
714,jtrebyjt@live.com,mL9&C5>HS,npallentjt
715,jmilliereju@redcross.org,"nK8/n?Y>W,!Y|Cc",jscourgieju
716,egeachjv@wunderground.com,kB4>c#k.tB,mbembridgejv
717,dwhatleyjw@weather.com,iH7>Yg|yIG`s,mschelligjw
718,jbawlejx@cornell.edu,lD4|'s5d960@v\,rrodgersonjx
719,lbarabichjy@marketwatch.com,"oY7`t%eo5b""SI<~z",kmounseyjy
720,jnabarrojz@sciencedaily.com,rE4}<Wg'fkk*+%V,cedmensonjz
721,mreesonk0@nba.com,aA4.k3=<,vmartineauk0
722,pthormannk1@ocn.ne.jp,"aN0,8jO)+S",ehaselhurstk1
723,tdigiorgiok2@reference.com,oN0`.<0h,rtruckettk2
724,jgregorek3@tinypic.com,iR8+X4`&6e?2@,cgiblettk3
725,jdemkok4@latimes.com,rM5}t|\?Uj_3$Tk,nnorcliffek4
726,aillistonk5@ft.com,"qI4{~l}S""R",sleprovostk5
727,bmolfinok6@ask.com,"aR8}w>Juur""Vg",lolonek6
728,rfellosk7@europa.eu,wF8%o>8$y6,jmoiserk7
729,dhandoverk8@marketwatch.com,bI3?NtgDs,sscarasbrickk8
730,mtibbsk9@usa.gov,dN2*!\2Gc$_c,swoolertonk9
731,abratchellka@psu.edu,sR4'rU%1xVR%trGt,vhunstoneka
732,srookledgekb@usnews.com,kB1~7u)&z),mfarfolomeevkb
733,obettanaykc@google.com.br,wH8#(UB{z41Hui},mblazewskikc
734,awennamkd@myspace.com,xB4{'n1dYg$yVsi,dvurleykd
735,hgawthorpeke@vk.com,eS0<6!529<Z,oswindallke
736,ncollipkf@4shared.com,kF2*jRG=qh&*,mwennkf
737,sshawelkg@com.com,zI2!&~G=Ja,gfinbykg
738,eambrosinikh@seesaa.net,sS8_&#ma=|.,avasselkh
739,jclemmowki@acquirethisname.com,qJ8~Sw2vWBfzk=,vgoodki
740,rkinmankj@bizjournals.com,vW5>QWhInR*@3f4,srollkj
741,cpeddiekk@google.com.br,"yW5\0,GM",akilgallonkk
742,kchoppingkl@hostgator.com,"iN9*0""EwZ+gKf",aallwoodkl
743,chornbucklekm@prnewswire.com,sF3.x%/XW`/&,ftraynorkm
744,saldisskn@earthlink.net,jV1)aAK(7s,clorrowaykn
745,fbartolomucciko@nsw.gov.au,cK0!1eTHh`,jarsonko
746,joehmekp@php.net,dR9*qWJ$=+.`0nSF,abifordkp
747,jbosnellkq@theatlantic.com,fC5$6v98,chamnerkq
748,ymingaykr@miibeian.gov.cn,qP1)0#wY.+,mgodspedekr
749,jmoohanks@virginia.edu,fB4|6m&TvaG!MF8N,ifishendenks
750,jdresselkt@google.it,mN2~raFWD0R%W?,sbechleykt
751,dmarlerku@oakley.com,"dO6$!s1/ch,X`#",gogelsbyku
752,gskulletkv@gov.uk,qY8`+4CxC~,jbraunskv
753,qrothermelkw@topsy.com,iH0{\dH3F3,bbanbrickkw
754,gselleykx@mail.ru,iI1)DXNIN,aharlockkx
755,ksalvadoriky@webeden.co.uk,rN2?X>C\VJDinx8,hcastreeky
756,asudlowkz@amazonaws.com,pA6+F\6/Y,scostakz
757,eharlowel0@pcworld.com,uL7*t(TaN/dv,bmarfelll0
758,mbowserl1@devhub.com,nV0%tbi&VRa})p,fwinderl1
759,kfourmanl2@shinystat.com,"gR6?L4Z,tz",adedonl2
760,fbaversorl3@sina.com.cn,kG5`6gV/a5W7V,cletheml3
761,cstopfordl4@wix.com,dP2*Os>aFwE<,lbutlerl4
762,ghannabyl5@epa.gov,oB0{&st\N@p#8)b,cmityakovl5
763,amanzl6@unc.edu,"aF5,@Sr$Ka/rIb/",ehansterl6
764,eredwalll7@tamu.edu,"zD7(0,i~8nQmjQG",nsprulll7
765,tifel8@etsy.com,lA5.*zu3dFd,jwoodroughl8
766,bellingworthl9@state.tx.us,dH5<}x#ln,ghofl9
767,rglawsopla@mail.ru,mI8|lbWL8N7.,dfutcherla
768,fearnshawlb@fc2.com,mE1(OAAVat@,usoareslb
769,jbernardlc@house.gov,tR9>kpsC0,kdevonishlc
770,jizatld@sciencedirect.com,hR3\N~ImB0M,aalwenld
771,mfulkle@merriam-webster.com,qI8)N8nd\,dbengoecheale
772,hrichterlf@columbia.edu,tA0<lN=>kE>#&,wmadgewicklf
773,csimkinslg@yahoo.com,rQ3<57&{h,rchattelllg
774,gbernettilh@wsj.com,dN1)Cy|=nry},wperillolh
775,wtugmanli@cargocollective.com,"uU4~|Z&rXvb0""aeS",bbirtlesli
776,jfullerdlj@google.cn,uS0/<W/phlgT%x2),jsouthanlj
777,mbeckelk@360.cn,mA1%w3lq?G,mdecourceylk
778,cprisleyll@usatoday.com,mZ3=?z$|+{'Klev,cedwinll
779,sarnaudonlm@comcast.net,oW5+3Ux`eF`7w,cbuzinelm
780,dcorderoln@spotify.com,nW0%I!9R,gproswellln
781,erihoseklo@etsy.com,zL3&7?BvU,jkencottlo
782,elenardlp@lycos.com,dN0'T<bS1jpN,cdunslp
783,jraynelq@ovh.net,iS5(WMLOu+do),aoleksiaklq
784,bedenlr@netscape.com,tY0|@jP){,jearwickerlr
785,tperassils@360.cn,pL0)@!qR!KCJhMQq,kpesterls
786,lwintringhamlt@ft.com,fY5@v@a'`,ehaneylt
787,ashaylu@theglobeandmail.com,sO3!'.Sd,jmunkleylu
788,akenninghamlv@cmu.edu,aY3~wo(s,pjacquemardlv
789,xlennonlw@cloudflare.com,oW1(4h=_L,mcaveneylw
790,flamarlx@newyorker.com,"bX9@Jgm""`JUgq3",rstigerlx
791,cropkesly@163.com,sA8|7#GQCY,mhunterly
792,spymarlz@xinhuanet.com,aB6#k8MOUEIW\,dmaxwalelz
793,eblondelm0@360.cn,hH2!Tw}{vmli_.EH,dharkesm0
794,ugilstonm1@amazon.co.uk,fK9/L/d|,jliddelm1
795,vtunderm2@purevolume.com,"wX0(E$,oFq1R",adebellm2
796,hdymondm3@washingtonpost.com,eF1$y31*C,brigneym3
797,tbridellm4@paginegialle.it,gT6>qo/Mi,adzenisenkam4
798,hjobbingsm5@blogtalkradio.com,uT4=hemll,fdodswellm5
799,aproschm6@toplist.cz,"zB9*IB@(0=.""S.t",lheynelm6
800,bvidelerm7@yale.edu,fK7?EZgX9,ktabourelm7
801,lhowgegom8@utexas.edu,aA7#Wct{VAxi2,oburburym8
802,hfosdykem9@seattletimes.com,"sB3%GH.,}vZG&Yj",cgundrym9
803,obeddingma@xrea.com,"kV2\),}TX?a",dmiroyma
804,cbidgoodmb@accuweather.com,"gW8}""0=X$qjr~/eA",ddeathmb
805,aprazormc@blogspot.com,fZ9||mBmz(.,djosephsmc
806,hfranssenmd@toplist.cz,"fI1""c_PbHBbTEBPK",ppowderhammd
807,hhiskeyme@bbc.co.uk,iX0<MVlNZC<j/.,jroistoneme
808,gkhalidmf@drupal.org,"zV9&~MfZ5T{""g",lgouninmf
809,ehebbsmg@sourceforge.net,hY6}BubS,fmathwinmg
810,dyearronmh@ovh.net,nV7@%wH(QA,morgillmh
811,mroskillymi@angelfire.com,"bL1,%E@#+=",cfermingermi
812,lfowlesmj@typepad.com,bF1(sLCaEN1,nmahargmj
813,seulermk@blogs.com,kV1@_9`G6F?<9d,mbonnettemk
814,rivonsml@etsy.com,"nA1,6hdG?TEO7{",jmcclymondml
815,dcroysermm@cnn.com,lW1.MRM#.QIL*3',lslowanmm
816,fbramblemn@taobao.com,jH0`cIVHQ@Hk6,grehorekmn
817,telcommo@gmpg.org,rF4)cNjHN,omorriesonmo
818,djardinemp@bluehost.com,zA2|Ej5%OV~RIhH,cpflegermp
819,kheapsmq@facebook.com,cR2?y709.W~\oU|,sfidelemq
820,jgreensmithmr@plala.or.jp,"eT6""H,wFa",hbangermr
821,pbozworthms@thetimes.co.uk,"qO8`4z9""",jmeersms
822,ghavilemt@soundcloud.com,wG8`E.jipd~prOY,lbraunthalmt
823,ccusitermu@cnet.com,qB5`HBANA_y<8gs!,xdenevemu
824,llabesmv@slideshare.net,yL2%a=O+,kenzleymv
825,mmacmenamymw@columbia.edu,"iA2?4*m,",wheindrichmw
826,hdecleenmx@china.com.cn,mP4{10>c_R'G(L*U,gpitchersmx
827,nthelwllmy@latimes.com,"gY4""At""L0B\CHV",scleverlymy
828,cspiviemz@usatoday.com,dL0&Hz>SU/!hH,bsprigingsmz
829,jbrobynn0@artisteer.com,pR2>{LaNfuG.#/,cgethingsn0
830,lmurisn1@theatlantic.com,sD6}%S{SV,mstearn1
831,ejeaneaun2@plala.or.jp,sS8`2Vzz,dshorten2
832,cweylandn3@ocn.ne.jp,bZ5=ME'b#y~&N+@,eprofitn3
833,eskurmn4@cloudflare.com,tJ3}74NZi>M,pgricksn4
834,ctrattlesn5@webs.com,lQ5>{F)1I/lbW,csydern5
835,amcfadzeann6@angelfire.com,nH0{P=KX1L8{R$,srundlen6
836,apeoplen7@instagram.com,fZ9(D>tS,cferrann7
837,rfewkesn8@creativecommons.org,yP7{zf2ert7$,asattefordn8
838,wbleasdalen9@netscape.com,iB7.ef6(dz,shamlinn9
839,cblanshardna@digg.com,eU1>aCbi,jthowna
840,sfossordnb@webmd.com,"uM0(U,?LG.",oginnnb
841,ipeealessnc@seesaa.net,gE9#jL.U!x,gkrahlnc
842,bocurranend@dropbox.com,yT9{s)LOB*Mr,siiannonend
843,rtalesne@twitter.com,gX0=fKLy+zv`8,bthoresbyne
844,jwilbynf@php.net,zO1|YB1eq!G},dsalkildnf
845,swhyleyng@woothemes.com,yM6.N_w*6a#,jhambrickng
846,bdewdneynh@nps.gov,vU7/1JPNfkH*,gberthelmotnh
847,tsquibbesni@msu.edu,vY0$>3cB,rdarnbrookni
848,lbottnj@nationalgeographic.com,mQ0=LFB)|,nstanmannj
849,ecocksnk@who.int,oL4\~pG5%w,ptschiraschenk
850,atoffaloninl@ucoz.com,gE5/?cXW,pingramnl
851,mpolonnm@marketwatch.com,iI0\)J$SJb,aveldstranm
852,elangfieldnn@prweb.com,aA9$s{N`zWBDt<Ic,lskewisnn
853,ekeetleyno@constantcontact.com,"eE8,D*,<L_",mmaphamno
854,adiblingnp@zdnet.com,pK6_X~o),ncaselynp
855,amacterrellynq@hostgator.com,iO7{yS(C_m1<.O|,dhaddletonnq
856,arickardnr@imageshack.us,dF1<9&3IE8@?'Q,bgermainnr
857,mkimberleyns@tumblr.com,uN2$O=%mSj,krignoldns
858,tcraskent@github.io,"rK4_`?n\O""o+}>P2",rbealnt
859,dharsantnu@globo.com,"uU1$5,={>",goheffernannu
860,ldiggesnv@toplist.cz,"lL3+k>*%jw!""l",nkeefenv
861,tczaplenw@surveymonkey.com,sR1&fUOaZ$\&gQ,shollyernw
862,jpibornnx@nih.gov,nY5)oZF~=Ikd,bwaterworthnx
863,athroughtonny@blogger.com,tQ7#W*\f,lblacklyny
864,aaggsnz@java.com,jX8~.Q<DNb+,drathenz
865,lpumphreyso0@mayoclinic.com,yV1_qWy3w,khailo0
866,nhanckeo1@pen.io,oU4/+~#H*zHq,dgimleto1
867,qnisbeto2@imageshack.us,"bP0_.,~3",rkoenraado2
868,hscrannageo3@psu.edu,fR3>y3{s%A,rpaulssono3
869,rcliburno4@live.com,eF2%hPA.*#1ID#,iklimczako4
870,mgraysono5@themeforest.net,tO4&p(.M{\>fy,atidboldo5
871,cscrogginso6@discovery.com,"dL9$m""#Tg/<#)3",creinbecho6
872,ahugino7@mapquest.com,"lG1\U~&q""P5c/",cknightsbridgeo7
873,cwineso8@addthis.com,sS6=W|*IRMAM},cseabrockeo8
874,bbickerstasseo9@google.it,dY6}F'.I`Bu,gmccarlicho9
875,ecundeyoa@google.cn,rX8~OGzFOnVoEou!,warchdeckneoa
876,hpozerob@apple.com,lM1+01Ou3X,bbromeob
877,glieboc@bizjournals.com,yT4?iT(be9G,dshuteroc
878,djoanicod@vistaprint.com,"fY3'@'~o,{9Loc%E",dtaffreyod
879,bsargantoe@soup.io,"jQ1_S7>O7%jGI""=Y",jedgehilloe
880,pyerringtonof@domainmarket.com,zR0`cr+Th4ot,ebogaertof
881,gbourdonog@pen.io,iZ3@QD5!)n#$},tverbekeog
882,ascolesoh@cbslocal.com,"gD5\%JC),ux|",arolleyoh
883,dplluoi@irs.gov,"sA4,UHw|Ih",fbramptonoi
884,mmatskevichoj@1688.com,sR3@z)WPe,mnewcomeoj
885,dboothebieok@biblegateway.com,vS2')RcWTS20,ttredgetok
886,gwolteringol@1und1.de,iM6?l1qUsOjm,rdoulol
887,jmaronom@usgs.gov,oV5<7?`!31jM/F,cherreroom
888,cbogieon@google.com,hQ3!p)uD,cjanaszewskion
889,dmansonoo@merriam-webster.com,oP6\zx#e,ealtonoo
890,sdorgonop@wp.com,"qI3<g',+Fx&",wdehmop
891,cmadisonoq@myspace.com,eV8{F'7&!\t,clockeryoq
892,tturrellor@indiatimes.com,kM6{PcG4`%Q|adqm,aaughtieor
893,dkenneaos@theatlantic.com,jW3+ACh%j(/S,odudderidgeos
894,kstandellot@storify.com,fT2?M1~_i,adriuzziot
895,carthursou@springer.com,jJ2)|\8j=F+>,jramsbottomou
896,zvickarov@sbwire.com,fK0`6Ua<,molmanov
897,egostlingow@va.gov,bU3_v.>?U=2M|RXi,csheldrakeow
898,lpenderedox@europa.eu,yN8+_9Fe~3AvVU,zblamireox
899,olaveryoy@statcounter.com,eE7+M)~*<R2Lz,hlindwalloy
900,jprobinoz@cargocollective.com,rL1))a.KN(KG,spiechaoz
901,dbrettellep0@army.mil,"cZ8{u7PurGnb,.'",msotheronp0
902,nborkettp1@wiley.com,eU6/'#*f/'A,taseefp1
903,iizakoffp2@google.co.jp,cF6=I#d%+$h&,rbrymnerp2
904,twaightp3@apple.com,"iL2$,!*_<k#.'",sjackettsp3
905,jsoppitp4@epa.gov,eF8`m25Bg,mdemetrp4
906,ycullinp5@examiner.com,"rC9""Qklrja@}Ju",ssigartp5
907,kdinsmorep6@tripod.com,xH7%g?u&I(',follivep6
908,pmandelp7@wikispaces.com,cL4=L$hAa,pcornelisp7
909,happlegarthp8@irs.gov,sM7%.g4q!lqgq0#>,dcausierp8
910,jdugop9@utexas.edu,"dQ4<Gf6,e",askellernp9
911,ibrettonerpa@indiatimes.com,"kL3,RnVI/KEUK",dfishburnpa
912,mwilborpb@storify.com,kU3!kTpD9vO!2Ru,llindropb
913,evasyaginpc@opensource.org,yP6=|i*>O,wskakunaspc
914,cpankhurstpd@columbia.edu,"qE5,>o~JQ{OBDpp",cohonepd
915,tmcdermidpe@webs.com,xI3/Zsy97U2'f,tarstingallpe
916,rdeloozepf@google.ca,uE7_WHpM{%W,gfargiepf
917,nanearpg@theatlantic.com,qW7&qOq`GTuI8,dknotonpg
918,tstertph@usda.gov,"pV7+u|,ElKL+'",rzannuttiph
919,lflinderspi@fc2.com,nQ6|hU9L7|k,ftomaspi
920,ldrewcliftonpj@addtoany.com,mQ5+/nW|U%_agW,ndavidoupj
921,cperseypk@businesswire.com,cI6)>iblz\f0*m,dtraillpk
922,jhartwellpl@twitter.com,jM0<)oxNb!({MNh,ateasellpl
923,bboonpm@google.es,aM0)YTB9wg5~=\a,fcorderopm
924,efurmongerpn@squidoo.com,eX2_azIm$X_+H,swortleypn
925,zspinipo@bbb.org,xY7_F`7!)5}i5,zianinottipo
926,gauberypp@washington.edu,vC9$wpx2XW'zr,achatanpp
927,etwelvepq@wix.com,"nN5,!v_AA&",hheymespq
928,jpinkstonepr@nps.gov,uX2$)W$Z+uHD6,adanielpr
929,sfirmingerps@soup.io,jV7/euOtPW,aphidginps
930,ecaustickpt@whitehouse.gov,"kB5_RF""yh0L#",jmuriept
931,mtalpu@jimdo.com,xF2<fPSwx`1,tpagettpu
932,pmullanypv@boston.com,"eQ3&h""jw+Ah""",ljohanssenpv
933,asudellpw@utexas.edu,qZ6{5i*re'Gk,pheyballpw
934,mnequestpx@state.gov,lH1`9&HD#}6=.,fkinnardpx
935,awarrattpy@wp.com,wE3/9EbAHKBwpB&n,mrecklesspy
936,bscurfieldpz@soup.io,iI5}<!Wi4I5,emarshallsaypz
937,astrewtherq0@list-manage.com,zD8!6rqPC,brickhussq0
938,alemonnierq1@wordpress.com,jU9}wN+(+x$z,ktidboldq1
939,pmcreynoldsq2@bbc.co.uk,kQ1?iI#W,hbentsonq2
940,sgumeyq3@goo.gl,lL6%/Y.oj11uh,rflynnq3
941,bhariotq4@ezinearticles.com,yX1{s`$?CK,sdurbinq4
942,zbuxtonq5@jalbum.net,bP1\of'Sl,arosettiq5
943,rtrenowethq6@dailymotion.com,"jB0*,<z}\gRwrHpb",bcoyneq6
944,rmarslandq7@dailymotion.com,yY5!VE(w5},srandleq7
945,efoskinq8@tamu.edu,"cN5{<zoL,<@",mgallardoq8
946,cwealdq9@un.org,nV3/9yI&vd,bmoxleyq9
947,cconeybeareqa@over-blog.com,zO3`SoY$p$diIQ,bbartkiewiczqa
948,sjobkeqb@mit.edu,"sY8%,a|VJu}",eroseboroughqb
949,speidroqc@skype.com,yY2`lIJPFfUy%,cdimmerqc
950,rstottqd@symantec.com,aZ0_7K.CV45p,twhitelockqd
951,lrestieauxqe@clickbank.net,"jN7&}$S}B?{JU""",ggarardqe
952,bhamblynqf@businesswire.com,vO7(xMyoF1$ifp#,dstollqf
953,bdarreeqg@g.co,kP5\aJbGc~&,adeclairmontqg
954,ecircuitqh@blog.com,"eJ3$Uwl)5C4=6ue,",arobbinsqh
955,edunnqi@theglobeandmail.com,zX4)FU9621F,creiachqi
956,ldunicanqj@free.fr,"aT6@Jy""Ff@twCe2",eaikenheadqj
957,pcarelessqk@home.pl,"aI2$@4tt'~,4(b",bsorensenqk
958,adennantql@de.vu,vV6)1Qeyv=>_D,mstegglesql
959,bgoodliffqm@mysql.com,zQ3<Ze1VBTH5/Zb,mdeluzeqm
960,bcliffordqn@amazon.co.uk,vV0!jr14,cdelafeldqn
961,bhymansqo@usnews.com,mW9=}DE$&h<V/z&1,ckilmasterqo
962,rdorieqp@csmonitor.com,jD2<B99)eD4b6m,csarathqp
963,flightowlersqq@themeforest.net,kI1>o0_/,glambkinqq
964,aduferieqr@cbsnews.com,nM2+1Wu`g2_)oLV,swhitesideqr
965,pbranscombeqs@sciencedirect.com,jS1|O/}?y62Adugq,ccarlinqs
966,ecraikqt@harvard.edu,sC7|OC#Z$,tkeverenqt
967,rtripequ@admin.ch,vV4{9\\VmMj7\.a,dgoudyqu
968,kgobatqv@vinaora.com,nG3'3v{sz{W*6c*,wjackalinqv
969,gmaccaheyqw@europa.eu,kG8~yH(_!RP1RMB,owathanqw
970,sbremondqx@xrea.com,"aM3_Fa+DVM6G07$,",rbattelleqx
971,mbenitoqy@tinyurl.com,vH8(uSUW@D<~JMN,rzuenelliqy
972,mcluerqz@google.nl,nK5=D@YK91CH/Lt,sbolzenqz
973,ldraner0@twitpic.com,rB5'Ne(Hda,sreavellr0
974,wcorbouldr1@people.com.cn,yH1'%wnNvLo,hmarchir1
975,gbraithwaiter2@dagondesign.com,lA9=}0lrEfD!eC+,rpoluzzir2
976,nmarietonr3@businesswire.com,qU5}?r6WwoJZlu,fdesousar3
977,cfiddymentr4@csmonitor.com,kB5(AD1*(?IC=,ccrebor4
978,hleyr5@earthlink.net,lD2\l~Bxl6|(c`&,ashadboltr5
979,skunischr6@whitehouse.gov,pT7@XrJs,pmedlarr6
980,jchestersr7@oracle.com,aS3?hihpTGwWw,brabler7
981,ndarkottr8@ezinearticles.com,gY2'np9b3,gskillittr8
982,rwybourner9@gravatar.com,"nZ9,B|(@uz{=8QP",cgilbyr9
983,jrookera@yellowpages.com,"mS8,XD|Iw",aeldonra
984,etwistrb@goodreads.com,xP5`cxPK3p,aloudianrb
985,cveryrc@yandex.ru,"zW4*%kOil=O""",gpallantrc
986,cjanczewskird@shop-pro.jp,fH9+T#1B,gmccoughanrd
987,mgraingerre@hibu.com,"fT5`zz~)HPE""%DM",gbotgerre
988,fcathrorf@altervista.org,"rM4@'u.??#,g=<0i",ademongeotrf
989,yeckersleyrg@live.com,gI0`|l>wfeU8N,bblankenshiprg
990,mroseboroughrh@spotify.com,cU0.=hc4z}'9VT,ktatlowerh
991,igallori@trellian.com,nX1=#CW_Fkpqc+,aeustaceri
992,mgershomrj@edublogs.org,bZ9)~ffF8Cnsq=,rovingtonrj
993,okowalikrk@dailymail.co.uk,"oR3<?M+t""PG",hbanaszczykrk
994,tallflattrl@china.com.cn,nE6.v|Z\KJJ,delwillrl
995,hgeorgirm@apache.org,fE3%C)ex,hbehlingrm
996,hfosdickrn@tmall.com,xQ4+4y4_W40v,twarboyrn
997,hmcfaddenro@wikimedia.org,"bT9+""I4OgJ)nD~E",cpratiro
998,ewrothamrp@independent.co.uk,wX2(/}*f|)}g_Pz,sduxburyrp
999,efayterrq@china.com.cn,lE0(T1F7f&Fz3i%},cdyballrq
1000,cbrasierrr@yahoo.co.jp,"jO1""r<s%x",wroadrr
